scaling,imputation,cat_age,target_freq,accuracy,f1_macro,precision_macro,recall_macro
,mode,False,0.8,0.9425057005469,0.7710398805639584,0.7561337791089698,0.7883456548369554
,mode,False,0.9,0.9518136087745361,0.7437540643135405,0.8337130973665707,0.6956898693624047
,mode,False,1.0,0.9511119310896616,0.7167625698011438,0.8572113785883151,0.6611415894348669
,mode,True,0.8,0.9421691868108892,0.7698453770003232,0.7548854640444181,0.7872552022748294
,mode,True,0.9,0.9517133679920915,0.7421628612025497,0.8340926758586589,0.6936830169485213
,mode,True,1.0,0.9512551284284972,0.7177105434055117,0.8583697273727247,0.6619131670348775
