scaling,imputation,cat_age,target_freq,accuracy,f1_macro,precision_macro,recall_macro
standard,mode,False,0.8,0.9259089572800423,0.7556632048377427,0.7132239732159482,0.831536093604144
standard,mode,False,0.85,0.9381381375222225,0.7687529100011268,0.7417106393619317,0.8051003087888016
standard,mode,False,0.9,0.9478398545800443,0.7716249143361646,0.7813858204545229,0.7627279240232729
,mode,False,0.8,0.9404006750794554,0.7692978312854868,0.748646860799112,0.7949140807997606
,mode,False,0.85,0.9475534572366074,0.7712042274856103,0.7798596583103417,0.7632757936058367
,mode,False,0.9,0.9518136124655961,0.7581840177226221,0.8199587360417374,0.7188052768510483
