scaling,imputation,cat_age,target_freq,generate_dummies,accuracy,f1_macro,precision_macro,recall_macro
,mode,False,0.7,False,0.9288803311791923,0.7685218880782769,0.722479475615833,0.852994498505776
,mode,False,0.8,False,0.9469233803228757,0.7935422430562745,0.7720670224462554,0.8199608440229795
,mode,False,0.9,False,0.9567181707399035,0.7886120312256938,0.8431380457390315,0.7509359266152738
,mode,False,1.0,False,0.957512915017109,0.7803509263233463,0.8645965224824268,0.7308970955233278
