scaling,imputation,cat_age,target_freq,accuracy,f1_macro,precision_macro,recall_macro
,mode,False,0.8,0.9293027713055997,0.759359213719439,0.7198789313637586,0.8250239972145377
,mode,False,0.9,0.9494794769566517,0.7661085693354428,0.7943489902334016,0.7436812874008056
