model,accuracy,f1_macro,precision_macro,recall_macro
catboost,0.9534102805553465,0.7989326695946745,0.8044581433880159,0.7938302954372068
rf,0.9464293582237602,0.7775675041830235,0.7720931416590464,0.7835911899372624
logreg,0.9434795089826231,0.7739128889518516,0.7598230297810673,0.7904011907200099
svm,0.9458135995960735,0.7733983970635445,0.7700540407518562,0.7770685442291118
knn,0.9437372142852574,0.7580171235996888,0.7622436281874494,0.7543216713125903
lda,0.938066500151981,0.7575369609001043,0.7398417539538633,0.7791449187883941
qda,0.9278707707590963,0.7399426885264011,0.7105136621403697,0.7833251505585924
