model,accuracy,f1_macro,precision_macro,recall_macro
catboost,0.9538255604881698,0.7997651041817766,0.8069039605068948,0.7932237297260815
xgb,0.95134824341852,0.7928040847686753,0.7941607527248171,0.7917062799490712
rf,0.9450260483691452,0.7783454251188717,0.765724362867515,0.7929201803975789
logreg,0.9451405969316088,0.7745534406784574,0.7667302238791824,0.7832554782452117
svm,0.9454985538845035,0.7723750573301917,0.7686398991718351,0.7764735746851001
knn,0.9447825651365063,0.7586902827127211,0.7671625175660087,0.7509646468002894
lda,0.9387610143124547,0.7578893620486122,0.7421469518611405,0.7767322792767913
qda,0.9309567128662491,0.7430149350751687,0.7178314537084096,0.7775156411484574
nb,0.9160998333130745,0.7084272672722858,0.6790467478403668,0.7561807282410454
