model,accuracy,f1_macro,precision_macro,recall_macro
catboost,0.9541406195278043,0.8005289501572055,0.808488686099157,0.793334657735615
xgb,0.9525511053353432,0.7945085473658973,0.8011507357132525,0.788434780142448
rf,0.9476465683145733,0.7783158897778472,0.778127429104631,0.7787044253045979
logreg,0.9499305771880294,0.7703490742559583,0.7953665299065428,0.7501017051136811
svm,0.9505964165304743,0.765423091118769,0.8031355304401171,0.7374736487270505
lda,0.9434650675121828,0.7569063895863261,0.760943701012316,0.7532550758615785
knn,0.9450331358237211,0.749191569971853,0.7706375378834147,0.7317121656521712
qda,0.9277776701280265,0.740263667162002,0.7104482578475966,0.7845270054528106
nb,0.9124267407559415,0.7029424087196378,0.672116076698172,0.7561835632033669
