model,accuracy,f1_macro,precision_macro,recall_macro
catboost,0.9533959703150788,0.798782219276236,0.8046483171199095,0.7934947002042475
xgb,0.9527229348430708,0.7953457279142778,0.8018797739256612,0.7894540539789278
rf,0.9453696725265861,0.7777411724592421,0.7671785812171202,0.7895996237908681
logreg,0.9433720950355788,0.7744898142007168,0.759316088414335,0.792364342498193
svm,0.9455844717140746,0.7729980988107871,0.768976595926028,0.7773870909521741
knn,0.9439878300828439,0.7585538087166657,0.7634049414410461,0.7542821869020668
lda,0.9384746259899062,0.7583835041271387,0.7412519739440653,0.7791481791395249
qda,0.9276273254601792,0.739140648062802,0.7098267481178733,0.7825277705597837
nb,0.9109303036141283,0.7020696133810738,0.6701661408234412,0.7590427204723726
