model,accuracy,f1_macro,precision_macro,recall_macro
catboost,0.9536537084252558,0.7991740962425056,0.8061654913107505,0.7928502540632691
xgb,0.9523577725334921,0.7959852317774114,0.7991930775712532,0.793043481538177
rf,0.9474030994352344,0.7796541822328591,0.7766118630291627,0.7830185379211836
logreg,0.9452408126986189,0.7753013606197035,0.7670365621794124,0.7845163629218214
svm,0.945319553878106,0.7731431071543261,0.7676162193189391,0.7791257547364442
lda,0.9450474522154032,0.7643959303521839,0.7675925824861753,0.7615072643093488
knn,0.9459281461080657,0.7580854285173132,0.7737092858093548,0.7446683832165085
qda,0.9308206671610766,0.7431315410461615,0.7175649067929587,0.7783504292514334
nb,0.9090043460152533,0.6916919943862482,0.6626205489209116,0.7424759117976805
